CustomerID,CustomerName,CustomerEmail
1009,Maurice Kirby,johnhill@example.org
1003,Mike Estes,vpotts@example.net
1001,William Cooke,cbenson@example.org
1003,Jessica Ward,david10@example.org
1001,Shelly Lambert,christopher37@example.net
1006,Daniel Santana,william03@example.org
1003,Mary Gray,salazarjoseph@example.com
1006,Hannah Miller,coreychavez@example.net
1006,Shannon Ramos,meganalvarado@example.com
1000,Matthew Bryan,thomashayes@example.com
1000,Taylor Smith,mcconnellanthony@example.net
1008,Darrell Brady,ocardenas@example.org
1010,Jade Flores,jonesthomas@example.net
1004,Pedro Wade,jacksonadam@example.org
1005,Elizabeth Blair,dawnnguyen@example.org
1010,Collin Edwards,markward@example.net
1005,Christopher Young,carlcunningham@example.net
1004,Jeffrey Bradshaw,nichole00@example.net
1000,Steven Lopez,xweber@example.net
1005,Peter Jacobson,tayloremily@example.com
1004,Mrs. Angela Powell,daniel19@example.com
1003,Heather Brown,gregory76@example.com
1005,Jason Ford,bmoreno@example.com
1002,Briana Evans,bradleymiller@example.com
1005,Jimmy Clark,qaguirre@example.com
1004,Cathy Wood,rhonda55@example.com
1004,Cynthia Marsh,roblessusan@example.net
1003,Christopher Moss,rmorgan@example.org
1001,Wendy Alvarez,kristin92@example.org
1007,Amber Jones,faithdavis@example.org
1004,Lisa Nelson,ojones@example.com
1000,Erin Wade,uthomas@example.org
1009,James Bates,taylorsanders@example.com
1010,Thomas Hill,thompsondustin@example.net
1008,Angela Garcia,ureid@example.com
1010,Steven Bates,zkeller@example.net
1004,William Sampson,jthomas@example.net
1006,Edward Williams,sheilacowan@example.org
1003,Cassandra Phillips,xcastillo@example.com
1008,Sarah Cunningham,vroberson@example.com
1007,Michael Villarreal,matthewwilliams@example.net
1004,Peter Barber,sotocharles@example.net
1003,Carol Mays,charlescastillo@example.net
1008,William Harmon,ibrown@example.com
1010,Christina Gardner,thomas67@example.org
1010,Gabriela Pearson,andre95@example.com
1009,Victoria Sanchez,jesse64@example.org
1005,Chase Ramos,darrenkrueger@example.org
1005,Dr. Michael Simmons,michelehernandez@example.net
1002,Tiffany Watkins,beckcasey@example.com
1002,Linda Parrish,vallen@example.org
1004,Angela Cannon,smithkristen@example.com
1007,Robert Dixon,lisa44@example.net
1006,Evan Garner,isaiahsaunders@example.com
1010,Jennifer Haynes,benjamin85@example.org
1000,Lynn Moran,gabrielrobinson@example.com
1010,Nicholas Barton,jessica05@example.com
1001,Thomas Kelley,michael28@example.net
1000,Kelly Price,mshah@example.com
1005,Jesse Tapia,kristiray@example.net
1008,Monica Henderson,emiller@example.org
1003,Erika Perry,omartin@example.org
1009,Jonathon Smith,theresa43@example.com
1002,Thomas Brooks,thomasmeyer@example.com
1007,Jacob Oconnor,howens@example.com
1006,Sharon Carson,ostewart@example.org
1003,Tara Campos,jingram@example.org
1007,Kimberly Harris,aimee90@example.com
1003,Steven Chambers,michael54@example.net
1003,Dennis Wilson,joseph74@example.net
1000,Larry Thomas,reyeswillie@example.org
1005,Katherine Lindsey,jason70@example.com
1001,Jacob Bauer,pwright@example.com
1004,Matthew Andrews,amy90@example.net
1002,Kyle Gibson,warrentyler@example.net
1005,Shannon Carlson,pjones@example.net
1004,Tyler Richardson,portercheryl@example.com
1003,Amy Leon DVM,grobinson@example.net
1006,Austin Ray,patrick28@example.net
1008,Timothy Jones,jacobmiller@example.com
1007,Matthew Johnson,millerconnie@example.org
1002,Jason Ellis,erik79@example.org
1010,Michael Brown,millerlindsey@example.com
1010,Sabrina Hart,michelleclay@example.com
1010,David Owens,oboone@example.com
1008,Jean Smith,haasadrian@example.net
1008,James Jones,danawilliams@example.org
1002,Melissa Mora,csexton@example.com
1000,Savannah Gordon,plowe@example.org
1006,Stephen Mckinney,icarson@example.com
1010,Cheryl Diaz,matthew08@example.org
1008,Eric Wilson,megan45@example.org
1007,Stacy Whitaker,bwest@example.com
1010,Shannon Baker,martinezkrista@example.net
1005,Robert Miller,gabrielletaylor@example.net
1006,Victoria Brewer,morganbruce@example.net
1007,Gary Brown,hansensonia@example.net
1000,Brett Martinez,kramerbrandy@example.org
1001,Lisa Brooks,romeroronald@example.net
1005,Christina Pitts,wmcgrath@example.com
1010,Nicole Williams,thomas57@example.org
1000,Taylor Carrillo,breannahuff@example.net
1001,Janet White,kristen12@example.org
1008,Gary Hernandez,katrina25@example.org
1001,Anthony Garcia,rgriffin@example.com
1000,Haley Holland,whitejonathan@example.org
1007,Sharon Smith,idominguez@example.net
1003,Vanessa Baker,kirbyjessica@example.net
1010,Brian Huff,tflores@example.net
1009,Whitney Jackson,william22@example.org
1007,Jennifer Tucker,mnewman@example.org
1008,Michael Walsh,wiseraymond@example.net
1001,Cory Frank,mckenzie39@example.org
1008,John Anderson,eric03@example.com
1005,Deborah Holt,lwilson@example.org
1008,Wyatt Hall,daniel74@example.org
1000,Carol Ryan,jasonkeller@example.com
1009,Brandy Bentley,bobby74@example.net
1010,Megan Young,herbert16@example.org
1005,Mr. Stephen Evans,krausedaniel@example.org
1010,Mr. Michael Underwood,smithpeter@example.com
1009,Lisa Holder,ronaldfoster@example.net
1003,Joseph Lawrence,petersonlindsey@example.net
1008,Scott Hopkins,heatherhaynes@example.com
1002,Victoria Schmidt,jlambert@example.com
1008,Kathryn Griffin,matthewodom@example.org
1010,Kathleen Graves,victoriaglover@example.net
1008,Sandra Williamson,colleenjohnson@example.net
1010,Elizabeth Bishop,snyderstephanie@example.net
1008,Karen Roberts DDS,bryan98@example.com
1010,Heather Conley,qmeyer@example.net
1007,April Case,myersbrian@example.net
1009,Eric Ramos,gracebutler@example.org
1006,Wesley Murray,bradley72@example.org
1003,Timothy Salazar,hreynolds@example.net
1001,Danielle Hubbard,james25@example.org
1008,Michael Suarez,kristasheppard@example.com
1010,James Martinez,johnsonbrian@example.net
1005,Paul Caldwell,david33@example.com
1007,Megan Bean,gregharris@example.com
1006,Robert Baxter,carterjonathan@example.net
1010,John Singh,rhodesalexis@example.com
1005,Richard Garcia,rstewart@example.net
1009,Mercedes Bentley,coreycervantes@example.net
1010,Mark Hodge,elizabethgonzalez@example.com
1005,Michelle Turner,amandahall@example.org
1000,Thomas Davis,tyler26@example.net
1001,Keith Wall,bennettjames@example.com
1010,Brian Duncan,darren49@example.net
1004,Matthew Johnson,shannonwaller@example.com
1008,Austin Gomez,catherinelyons@example.net
1007,Mario Black,denise23@example.net
1008,Lisa Lopez,williamsallison@example.org
1006,Jesse Wilson,elizabeth07@example.com
1008,Justin Taylor,nyoung@example.net
1000,Amanda Morales,munozlinda@example.com
1010,Amanda Gomez,nancy47@example.net
1006,Marissa Jordan,whitneysamuel@example.com
1009,Patrick Walton,paulalexander@example.com
1004,Jamie Moreno,youngchristopher@example.net
1006,Dean Chase,mckayterry@example.org
1008,Alfred Carr,jeremy75@example.org
1004,Melanie Rodriguez,edward30@example.org
1009,Kimberly Martinez,ashley36@example.org
1003,Meghan Quinn,cschmidt@example.org
1010,Ann Castillo,kingnathan@example.org
1005,Matthew Paul,dodsoncharles@example.org
1003,Paula Curry,matthewparker@example.com
1001,Steve Hunt,nwilliams@example.net
1010,Victoria Mullins,kenneth36@example.net
1005,James Boyd,michael13@example.org
1002,David Allen,melvin42@example.com
1004,Erika Ellis,rebeccaharris@example.com
1004,Lisa James,robertanderson@example.com
1005,Chad Williams,qnelson@example.net
1008,Yesenia Ibarra,maciasshannon@example.com
1007,Steven Woodward,hooverjames@example.org
1010,Sarah Green,dparks@example.com
1006,Zachary Ramirez,nramsey@example.org
1009,John Long,jmiller@example.org
1003,Susan Lewis,xtravis@example.com
1004,Kara Adams,chelsea43@example.org
1006,John Herrera,bryan13@example.org
1009,Mark Baxter,whitedaniel@example.net
1004,David Orr,kimkenneth@example.org
1010,Sean Daniels,taylor34@example.net
1001,Michelle Lee,zacharymorales@example.org
1010,Eric Arias,bradshawbrittany@example.com
1008,Thomas Morton,burkejennifer@example.net
1006,Todd Caldwell,wardrachel@example.net
1006,Kristin Sheppard,jbryant@example.org
1010,Lisa Rodriguez,jessicasilva@example.com
1004,Karen Collins,bmcdonald@example.com
1004,Alexander Morris,wilkinskayla@example.net
1007,Michael Gutierrez MD,annmiller@example.net
1009,Kevin Morris,uclark@example.com
1007,Paige Horne,nathanlewis@example.com
1005,Sabrina Lyons,mccarthyamanda@example.com
1007,Karla Jones,ecooper@example.com
1008,Ian Swanson,thompsonwilliam@example.org
1009,Rose Bentley,davidmcclure@example.org
1006,Michelle Fry,amanda72@example.org
1008,Brianna Harris,tony37@example.net
1006,Gregory Reid,heatherpena@example.com
1006,Christopher Monroe,vcraig@example.org
1005,Ronald Evans,jhoward@example.net
1005,Phillip Reynolds,michaeladams@example.org
1002,Edward Garcia,zbenson@example.com
1004,Stephanie Wilcox,austinsilva@example.org
1009,Gary Bernard,davisjessica@example.net
1006,Dylan Fernandez,courtney93@example.com
1010,Mary Nguyen,annajarvis@example.net
1002,Todd Walker,carrie10@example.com
1006,Brandy Anderson,jenniferheath@example.org
1001,Janet Richardson,sarahmedina@example.net
1000,David Martinez,haynesjulie@example.org
1006,Kimberly Yates,cpacheco@example.net
1008,Patricia French,travisboyd@example.com
1000,Jennifer Benitez,martinantonio@example.com
1002,Shane Heath,brandonaguilar@example.com
1006,Nicole Merritt,ywilliams@example.org
1007,Heather Cooper,haydenlisa@example.com
1009,Gabriela Roberts,qarmstrong@example.org
1004,Dr. Ashley Carpenter,hbrown@example.net
1004,Keith Mahoney,pdelgado@example.net
1007,Hannah Rose,annemurray@example.org
1010,Chad Mathews,zmolina@example.com
1001,Barbara Burns,jennifer96@example.org
1001,Frank Harris,iwatts@example.org
1002,Steven Chapman,brian45@example.net
1003,Adam Brown,nthomas@example.net
1003,Misty Jackson,christinebridges@example.com
1002,Briana King,samanthamartinez@example.org
1010,Christina Frank,weissamanda@example.org
1008,Jacob Watts,karen61@example.net
1003,Joshua Smith,melody73@example.com
1003,Regina Johnson MD,cookejeffery@example.org
1001,Tyler Stephenson,amandascott@example.net
1005,Christopher Giles,seankeller@example.net
1005,Melanie Byrd,isaacbrown@example.net
1007,Warren Kelly,dustin15@example.org
1010,Thomas Butler,carias@example.net
1005,Gerald Rogers,eneal@example.com
1006,Carol Patton,dbryant@example.org
1006,Kenneth Montgomery,taylorrobert@example.org
1002,Kristen Hunter,anthony03@example.org
1001,Jose Jackson,shannongomez@example.com
1002,Danielle Briggs,jennifersmith@example.com
1009,Aaron Smith,georgepotter@example.org
1002,Derrick Martin,williamswhitney@example.com
1001,Heidi Pruitt,caitlyn52@example.org
1005,Brett Nelson,jennifer80@example.net
1008,Sheri Allen,angelicacole@example.org
1006,Carrie Jackson,amanda73@example.org
1010,Ashley Campbell,obrientanner@example.net
1002,Mallory Sparks,antoniovega@example.net
1009,Matthew Mitchell,benjaminwang@example.org
1007,Logan Brooks,glester@example.net
1005,Paula Stark,edwinberg@example.net
1006,Craig Wilson,april33@example.net
1010,Mary Ortega,patricia74@example.com
1007,Troy Zimmerman,deannarangel@example.org
1004,Angela Grant,stevenellis@example.org
1000,Marc Williamson,qhughes@example.net
1010,Brian Vasquez,jerryrusso@example.net
1000,Elizabeth Johnson,joycebryce@example.org
1003,Jennifer Wright,michaelchandler@example.org
1008,Ernest Garcia,smejia@example.net
1000,Daniel Thomas,gcoleman@example.com
1010,Reginald Brewer,sandersmatthew@example.org
1002,Margaret Moore,tirwin@example.com
1007,Hector Martinez,coxjulie@example.com
1004,Meghan West,vhull@example.net
1000,Michelle Johnson,fmata@example.org
1002,Debbie Norton,whiteheadanthony@example.net
1004,Alicia Bradley,jasonhartman@example.net
1009,Rebecca Gomez,erik21@example.com
1001,Jessica Guzman,melissa48@example.org
1009,Jacob Stewart,davidpowers@example.org
1008,Gregory Bean,fjenkins@example.org
1000,Gregory Munoz,curtis21@example.org
1006,Katie Heath,johnhuff@example.net
1001,Sarah Daniels,rhodesbradley@example.net
1010,Brendan Wright,matthewbanks@example.com
1001,Lisa Gonzalez,thompsonrichard@example.net
1007,Jesse Carlson III,joneshannah@example.net
1006,Stephanie Anthony,sfisher@example.net
1005,Seth Gardner,owise@example.net
1007,Marcus Ferguson,haleyjoshua@example.org
1007,Nancy Wagner,george76@example.net
1005,Diana Klein,kurt54@example.org
1004,Jessica Mitchell,melissacox@example.org
1008,Ann Hall,kim87@example.com
1002,Eugene Jenkins,washingtonhannah@example.com
1007,Kim Pollard,qkelley@example.net
1005,Anna Brooks,alexiscollins@example.org
1004,Marcus Price,jefferypalmer@example.net
1005,Mark Parker,sherrysullivan@example.com
1008,Jill Brown,roger72@example.com
1005,Thomas Simmons,mendezlatasha@example.net
1001,Joseph Franklin,pbenson@example.net
1010,Dr. Jamie Moore,brightrobert@example.com
1009,Robert Curtis,edward96@example.com
1002,Jason Carrillo,uleonard@example.com
1003,Jennifer Zuniga,simmonstristan@example.com
1004,Joshua Carr,michael12@example.net
1007,Kathy Blake,hudsondustin@example.net
1005,Willie Evans,elee@example.com
1005,John Collins,christopher72@example.net
1004,Timothy Chavez,dbeck@example.org
1010,Katie Vazquez,cynthialee@example.org
1006,Catherine Williams,lovejo@example.org
1000,Karen Phillips,howeshannon@example.net
1000,Samantha Cohen,adrian45@example.net
1008,Alyssa Martin,ricejay@example.net
1008,Michael Gordon,bobbyblake@example.net
1010,Jesse Wright,cooperjennifer@example.com
1008,Douglas Scott,samuelbush@example.net
1001,Dr. Sandra Juarez MD,ricky33@example.org
1002,Rachael Herrera,gardnerjennifer@example.net
1010,Bob Moore,kim09@example.org
1005,Norma Diaz,daniel17@example.org
1004,Anthony White,nfrancis@example.com
1000,Justin Beck,asmith@example.org
1007,Joseph Ibarra DDS,karen49@example.org
1001,Shannon Bentley,angela98@example.org
1004,Jeanette Wallace,nelsonnatalie@example.net
1001,Caitlin Golden,njones@example.org
1001,Jacqueline Johnson,rmiller@example.org
1010,Melissa Aguilar,toddcole@example.net
1010,Sherri Baxter,hillrobin@example.com
1010,Robert Gardner,gonzalesalison@example.com
1002,Robert Lopez,perezcarrie@example.net
1007,Karen Rivera,floresbrian@example.com
1010,Jeremy Cortez,sross@example.net
1007,Mario Hughes IV,michaelsingleton@example.net
1010,Mr. Randy Brown,greenjoseph@example.net
1009,Nicholas Gibson,tthomas@example.org
1002,Matthew Price,knappjohn@example.net
1010,Holly Gill,ashleyallen@example.com
1001,Ryan Galvan,john97@example.org
1003,Matthew Hubbard,bthompson@example.com
1010,Stacey Martin,fieldssuzanne@example.net
1002,Marcus Ruiz,andersonchristine@example.net
1005,Sydney Holland,beltranjames@example.com
1009,Andrea Lester DVM,hwillis@example.com
1009,Peter Kline,hparker@example.com
1006,Melinda Smith,nicole91@example.net
1006,Cheryl Jackson,sellerssteven@example.com
1005,Nicholas Hammond,morgan85@example.net
1007,Andrew Jones,vsmith@example.org
1007,Theresa Norris MD,madisonwashington@example.com
1009,Heather Jones,lauriecampbell@example.net
1009,Mary Lee,rebekah20@example.net
1002,Sandra Krueger,ngross@example.com
1008,Andrew Dickerson,daniel87@example.com
1005,Molly Martin,wendy82@example.net
1001,Danielle Orozco,georgejohnson@example.com
1002,Jose Howell,slane@example.net
1003,Molly Meyer,kellyhenderson@example.net
1001,Brandon Sosa,christinemcintyre@example.org
1008,Peter Thomas,johnsoncameron@example.com
1009,Kimberly Marquez,mariasantos@example.net
1004,Gary Hale,kmoran@example.net
1000,Valerie Jordan,michael09@example.org
1006,Christopher Henderson,michellegardner@example.net
1010,Martha Martinez,smalone@example.org
1009,Dominique Fox,arellanoearl@example.net
1001,Kenneth Lopez,mark32@example.net
1009,Ernest Gibson,jacksonfrank@example.net
1002,Chelsea Reyes,delgadosally@example.com
1007,Rebecca Houston,marylawson@example.net
1010,Kyle Hill,shanson@example.net
1010,Robert Lawrence MD,michelle58@example.org
1003,Sarah Perez,bhayes@example.org
1003,Danny Levine,kimsusan@example.org
1003,William Brown,robertday@example.org
1005,Dana Lewis,campbellangela@example.org
1008,Wendy Perez DDS,rodneyleach@example.net
1009,Sean Daniels,melissa18@example.org
1009,Phillip Barnes,mrios@example.net
1009,Rachel Wilson,monica25@example.com
1001,George Turner,gpayne@example.net
1006,Justin Ramirez,jonesanthony@example.org
1000,Kimberly Wang,gwilcox@example.com
1004,Dr. Alexandra Powers,ogomez@example.org
1002,Laura Alvarado,tmullins@example.com
1000,Mr. Michael Shepherd,hilljavier@example.com
1003,Tina Franklin,steven29@example.com
1009,Lauren Thompson,wileymelissa@example.org
1008,Nicholas Mathews,jared99@example.net
1003,Brent Moore,wthompson@example.net
1009,Justin Huffman,ryanscott@example.org
1004,Jodi Walters,nthomas@example.com
1001,Joshua Harrison,beckelizabeth@example.org
1008,Kim Anderson,mlin@example.com
1002,Scott Reyes,elizabeth43@example.net
1007,Cameron Turner,kristin02@example.net
1002,Julie Jones,jamesjones@example.com
1008,Kenneth Phillips,francobruce@example.net
1007,Stephanie Martin,jamesanna@example.org
1010,Glen Smith,mpena@example.org
1010,Matthew Myers,rirwin@example.org
1003,Andrea Anderson,xvega@example.org
1003,David Diaz,gabrielle07@example.com
1003,Christina Fields,pyoung@example.org
1008,Diamond Gutierrez,john11@example.org
1006,Marcus Phillips,daughertyhailey@example.com
1001,Nicholas Lyons,burtonvictoria@example.com
1005,Tara Hensley,jamesdavis@example.net
1005,Rachel Rogers,theresa43@example.org
1005,Joseph Griffin,vanessa64@example.net
1001,Jennifer Vaughan,torresdaniel@example.com
1007,Matthew Wang,traceyparsons@example.net
1001,Sergio Anderson,jgarrett@example.org
1006,Kevin Jones,trevor09@example.net
1002,Nicole Bryant,rchavez@example.net
1010,Maria Jensen,jgoodman@example.net
1004,Jessica Saunders,mlang@example.org
1009,Peter Benson,danielle44@example.net
1006,Kimberly Snow,matthewgibson@example.net
1007,Cindy Lowery,hharris@example.com
1003,Raven Wilkerson,markpaul@example.net
1005,Julie Torres,kevindelgado@example.net
1003,Sharon Pope,christian43@example.org
1010,Scott Chambers,lrobinson@example.com
1008,Amy Hughes,amandawilliams@example.net
1001,Deborah Nunez,zhahn@example.net
1006,Mrs. Valerie Acosta,seth62@example.com
1001,Luis Hale,martincrystal@example.net
1000,Pamela Wade,deborah86@example.com
1006,Sarah Lindsey,tracy56@example.net
1004,Felicia Moore,vjones@example.org
1010,Michael Andrews,perrythomas@example.com
1004,Gabriel Gallegos,sheppardronald@example.org
1008,Laura Welch,pbaker@example.org
1009,Gail Beltran,kevinwhitaker@example.com
1001,Carlos Montoya,taylorkenneth@example.net
1010,Jacob Gallagher,cclark@example.com
1001,Deborah Velazquez,gsmith@example.com
1001,Antonio Donovan,williamsheather@example.net
1008,Thomas Rhodes,juliepark@example.org
1000,Joseph Contreras,amandagallagher@example.org
1002,David Hansen,wlambert@example.net
1008,Andrea Gomez,christopher65@example.net
1003,Victoria Mitchell,vwhite@example.net
1005,Shane Hess,howardbarbara@example.org
1002,Deborah Gates,whitney34@example.net
1010,Stephanie Harris,imoody@example.org
1007,Joshua Estrada,wallacejustin@example.org
1004,Jonathan Woods,jeromeallen@example.net
1006,Derek Jones,ibarrasusan@example.com
1007,Levi Frazier,bakersarah@example.net
1010,Scott Atkins,zking@example.org
1007,Patrick Preston,aaron86@example.org
1007,Louis White,xsampson@example.net
1006,Courtney Brock,woodkristin@example.org
1009,Angela Bates MD,leelinda@example.com
1000,Laura Clark,salasbeth@example.org
1003,Kevin Mckinney,moorevalerie@example.net
1008,Lydia Stevens,aabbott@example.com
1010,Brian Flores,sherri99@example.net
1001,Ralph Powell,david26@example.net
1002,Danielle Martinez,rharper@example.org
1009,Justin Moore,jacob67@example.com
1002,Tracey Tate,amy25@example.net
1004,Rachel Moore,alexandrafisher@example.org
1006,Gina Harris,patriciagalloway@example.net
1006,Mrs. Cynthia Everett,qmccullough@example.org
1008,Jonathan Vaughn,knappsean@example.org
1002,Sharon Martin,scooper@example.com
1005,Carla Lang,jeremyhanson@example.net
1004,Debra Smith,qmann@example.net
1006,Sonya Guzman,evan49@example.net
1008,Jessica Ramsey,rodriguezdavid@example.com
1010,James Clark,stephaniegarza@example.com
1003,Michael Gibson,nealamber@example.net
1005,Christina Young,nicholasmorrow@example.com
1002,Beverly Garcia,debbiecantu@example.net
1006,Danielle Rivas,gstephens@example.org
1000,Richard Baker,gary25@example.org
1007,Michael Hoffman,sean47@example.com
1003,Kathleen Hayes,sarahphelps@example.net
1002,Pamela Leon,mcdanielmichael@example.com
1000,April Dickerson,steven92@example.org
1002,Jacqueline Foley,aaronlester@example.org
1000,Kevin Stout,nicholas47@example.net
1007,Michael Sanchez,bjackson@example.net
1006,Cody Shaw,wdaniel@example.com
1001,Kyle Perry,luisjohnson@example.com
1010,Patty Munoz,josephcase@example.com
1008,Danny Perez,brandon16@example.com
1003,Mackenzie Underwood,nrice@example.org
1010,Melissa Short,rachel99@example.org
1001,Leah Parks,codywilliams@example.org
1006,Brian Martin,christian74@example.org
1008,Michael Franklin,robin09@example.org
1004,Melissa Walker,johnsonpaul@example.org
1006,Corey Hunter,vmoran@example.net
1009,Heather Lam,ryan79@example.com
1007,Shannon Spence,laura14@example.net
1006,Nicole Robbins,xhall@example.net
1007,Victor Roberts,acarroll@example.org
1000,Monique Gomez,mark26@example.net
1004,Timothy Wood,lesliepatterson@example.org
1005,Jacob Jackson,nzavala@example.net
1009,Nancy Smith,williamsdavid@example.com
1009,Jenna Diaz,charleshawkins@example.net
1001,Christine Moore,johnsonmeagan@example.net
1005,Shaun Nelson,brianturner@example.net
1010,Aaron Dalton,edwin81@example.com
1007,Sabrina Daniels,vreyes@example.org
1008,Jordan Morris,conradjacob@example.org
1004,Jeffrey Monroe,thomas70@example.org
1009,Jocelyn Wilson,adamsstephanie@example.net
1008,Timothy Duran,bdunn@example.net
1001,Marissa Valdez,andrea17@example.org
1008,Bruce Leonard,kimberlysimpson@example.com
1005,Lisa Ray,rsutton@example.org
1010,Linda Ross,cmorgan@example.org
1004,Arthur Nunez,hallvanessa@example.net
1009,Jessica Roberts,fitzgeralddave@example.org
1004,Jennifer Osborne,timothythomas@example.org
1008,Ryan Smith,graymiguel@example.org
1010,Jonathan Walters,angela30@example.net
1009,Brandon Adkins,ferrelljamie@example.com
1003,Timothy Salazar,bweiss@example.net
1008,Angela Cooper,schaefererica@example.org
1005,Rebecca Davis,robinsonkathryn@example.org
1010,David Ochoa,newing@example.org
1009,Renee Medina,jackmueller@example.com
1000,Emily Ward,fryejames@example.org
1004,Stacey Richards,ggray@example.com
1006,Amanda Graves,brian73@example.org
1005,Robert Vazquez,hnelson@example.com
1002,Amanda Jackson,jessica69@example.org
1002,Gina Williams,ashley40@example.net
1006,Janet Torres,dawn83@example.net
1004,Maria Henderson,stewartdennis@example.org
1002,Monique Hall,robbinsmark@example.com
1010,Brett Trevino,phill@example.net
1010,Melissa Montgomery,tmitchell@example.com
1004,Michael Nolan,zamorarenee@example.org
1006,Brett Drake,markmerritt@example.com
1001,Randy Cunningham,larry97@example.org
1008,Kyle Brock,michele25@example.org
1000,Michelle Bautista,oboone@example.com
1000,John Johnson,christopher34@example.com
1006,Chase Oconnor,dustin45@example.net
1000,Joseph Cannon,rachel26@example.net
1008,Alan Jones,julieburns@example.com
1009,Denise Ford,fordamanda@example.net
1004,Daniel Hughes,dorisporter@example.org
1009,Angela Drake,robert12@example.net
1002,David Keller,tsanchez@example.com
1010,Christopher Townsend,matthewavila@example.net
1010,Christopher Perry,hilljaime@example.com
1009,Alexandra Trujillo,baldwinnicole@example.com
1001,Jennifer Parsons,paul93@example.net
1002,Lee Perry,ewalter@example.com
1007,Robert Wilson,tyler13@example.org
1002,Ashley Gordon,hancocklisa@example.com
1003,John Morris,timothytaylor@example.org
1002,Lisa Curry,sheilapacheco@example.org
1004,Mrs. Angela Jones,powellelizabeth@example.net
1002,Sean Watkins,xbailey@example.net
1002,Crystal Brooks,alan09@example.net
1002,Philip Mcdowell,molinavictor@example.org
1000,Dr. Gregory Cooley,floydshannon@example.net
1009,Jason Jenkins DDS,deandavid@example.net
1009,William Jordan,kmoore@example.com
1008,Cody Perkins,patriciasmith@example.org
1006,Steven Pearson,hhowell@example.net
1005,Mark Little Jr.,valerie58@example.net
1006,Mark Ho,hansonsonya@example.net
1000,Joshua Little,stephenlopez@example.org
1002,Marvin Gray,justinfox@example.org
1007,Brian Barker,jamesthomas@example.net
1000,David Garcia,troy89@example.net
1003,Matthew Blake,qnixon@example.net
1006,Elizabeth Ellis,emilygamble@example.com
1009,Melinda Montoya,charleswilliams@example.com
1006,Darren Johnson,andrew43@example.com
1010,Nicholas Rubio,christinejohnson@example.com
1002,Julie Bennett,dillonalexander@example.com
1002,Christine Phillips,jamessmith@example.com
1006,Mr. Ronald Hunter,daniel82@example.net
1005,Renee Flynn,brownamanda@example.com
1009,Brittany Olson,brownandrea@example.com
1005,Anthony Peterson,maryvasquez@example.org
1002,Nicole Hood,whayes@example.net
1004,David Lopez,shawntucker@example.com
1000,Alex Richards,everettleslie@example.org
1001,Christopher Sullivan,lucasjustin@example.com
1000,Catherine Collier,kellydouglas@example.net
1010,Tina Kemp,cathy09@example.org
1006,Walter Ingram,steeledeanna@example.org
1008,Jorge Giles,davisheather@example.org
1001,Sara Rivera,nichole53@example.com
1004,Juan Johnson,bgonzalez@example.org
1001,Lauren Hensley,omaresparza@example.org
1002,Gregory Taylor,ygonzalez@example.net
1006,Mark Parker,anthonyjackson@example.net
1001,Christine Reyes,nzavala@example.net
1003,Alex Patel,karenray@example.com
1000,Kurt Mora,garyflores@example.net
1000,Stacey Perkins,william06@example.org
1003,William Brown,matthewmorton@example.org
1002,Aaron Sullivan,yhall@example.com
1009,Kim Reyes,michelle42@example.net
1009,Lisa Hall,luiswhitaker@example.net
1006,Allison King,qbowman@example.org
1009,Gregory Johnson,patrick08@example.net
1009,Lisa Berger,rjames@example.com
1004,Valerie Ellis,chelseyhogan@example.org
1009,Stacey Lloyd MD,escobarregina@example.com
1009,Tony Frazier,gloria23@example.org
1005,Jennifer Wright,ronaldpeterson@example.net
1001,Angela Mitchell,xpierce@example.com
1005,Melissa Becker,julie02@example.net
1009,Matthew Dean,itaylor@example.com
1004,Kyle Ward,andrea57@example.com
1003,Stephanie Ingram,pmorris@example.org
1010,Michelle Scott,fryekaren@example.net
1004,Eric Murphy,jerrygreen@example.org
1000,Yvette Smith,marissa06@example.org
1000,Chad Jenkins,silvamichael@example.com
1003,Jody Trujillo,garzaheather@example.net
1006,Michael Cordova,stephanie25@example.org
1010,Briana Wilson,luke50@example.net
1005,Andrea Russell,danajenkins@example.com
1000,Marie Brown,irobinson@example.org
1001,Joshua Garcia,blawrence@example.net
1006,Debra Stevens,wardmonica@example.org
1003,Nancy Mccoy,donald57@example.org
1000,Dr. Adriana Wolfe DVM,wilsonellen@example.org
1008,Renee Harvey,pagedennis@example.com
1001,Fernando Smith,burgessjulie@example.org
1005,Erica Brown,dillongiles@example.org
1001,Teresa Delgado,dominique00@example.com
1009,Anna Page,allisonrichard@example.com
1008,Kenneth Rodriguez,browndanielle@example.net
1008,Jacob Ruiz,hernandezandre@example.net
1002,Kristi Pearson,catherine82@example.net
1009,James Kelly,andreamathews@example.net
1006,Stephanie Peterson,george95@example.net
1003,Austin Smith,bmercado@example.net
1000,Kathleen Weaver,raymond64@example.net
1002,Christopher Powell,rossnicole@example.net
1009,Mary Rodriguez,wallbrittany@example.org
1003,Leslie Cooper,rodgersnatasha@example.com
1008,Nicholas Martinez,ilee@example.com
1007,Michelle Gonzales,sarah53@example.org
1009,Alexander Castillo,travis36@example.org
1008,Anthony Turner,montgomerycody@example.com
1004,Kenneth Griffin,nicolethompson@example.net
1000,Adrian Smith,kcuevas@example.com
1009,Henry May,joshuasmith@example.com
1010,George Lewis,collinsjessica@example.net
1000,Stephanie Buchanan,ericlopez@example.com
1007,Casey Hall,brittany49@example.net
1010,Michael Jenkins,jaybooker@example.com
1004,Cassandra Smith,kenneth37@example.net
1008,Holly Nelson,pattersonalejandro@example.com
1005,Alicia Hoffman,ymason@example.com
1002,Ms. Andrea White DDS,josephdean@example.com
1002,Alexis Wright,cunninghamnicolas@example.net
1006,Amanda Todd,andrea64@example.net
1002,Matthew Torres,rmccarthy@example.net
1002,Billy Ferrell,caitlinaguirre@example.net
1010,Matthew Underwood,mirandamorales@example.org
1001,Paula Murillo,davidharper@example.com
1009,Matthew Shaw,qdavis@example.org
1002,Robin Lee,cordovamelissa@example.net
1009,Stephen Lewis,rallen@example.net
1001,Bruce Smith,mdavis@example.com
1002,Richard Newton,stephenfrancis@example.org
1009,Christopher Rocha,leroy34@example.net
1001,Karen Hensley,iwheeler@example.net
1003,Kevin Young,rebeccapittman@example.com
1007,Nicole Mcintyre,zlarson@example.net
1004,Travis Reese,dphillips@example.com
1001,Nathan Clark,bwatts@example.com
1003,Richard Meza,matthewcarson@example.com
1009,Lisa Cannon,johnsonjason@example.org
1003,Jason Owens,ashley75@example.com
1002,Paul White,eric22@example.net
1007,Jessica Thompson,lgolden@example.com
1002,Aaron Santiago,fschaefer@example.org
1007,Amanda Randall,erikapearson@example.net
1003,Lauren Walsh,turnersarah@example.net
1007,Emily Goodwin,ywaller@example.net
1001,Heather Barron,lgarcia@example.net
1005,Cynthia Allen,lorischmidt@example.com
1000,Paula Elliott,pameladavis@example.net
1000,Donald Stewart,david66@example.org
1006,Paige Mccall,amandatravis@example.com
1002,Kimberly Ibarra,cwilliams@example.net
1006,Virginia Moore,preed@example.org
1006,William Smith,manuel74@example.com
1002,Daniel Clark,hallangela@example.com
1002,Kelsey Dyer,phillip27@example.com
1010,Amy Smith,nho@example.com
1006,Thomas Valencia,john69@example.net
1002,Taylor Garcia,tbarnes@example.com
1010,Jerome Brown,jmartinez@example.net
1009,Candice Lopez,qpage@example.com
1000,Jennifer Williams,wagnerderek@example.com
1010,Sara Green,fletcherdonald@example.net
1004,Douglas Bowen,jamiewatts@example.net
1003,Sabrina Wells,qanderson@example.org
1003,Christina Bush,lukegriffin@example.net
1008,Christy Herring,samuelwhite@example.com
1008,Richard Lewis,carterlaura@example.com
1006,Steven Burton,hectorclark@example.com
1000,Richard Carroll,kimberly27@example.org
1007,Jordan Holt,vmorris@example.net
1008,Mary Tucker,monica35@example.org
1006,Sean Mullins,millerjessica@example.net
1006,Anthony Stewart,sean74@example.org
1005,Peter Davis,mccannnicole@example.com
1002,Ashley Monroe,bernardpatrick@example.com
1005,Richard Huber,johnsonbrandy@example.net
1005,Darrell Ferguson,richardmiller@example.net
1006,Darius Bennett,robertsdaniel@example.net
1005,Charles Harding,jamesjustin@example.org
1008,David Simpson,zsummers@example.org
1004,Daniel Mcdonald,tylerwarner@example.org
1003,Travis Flores,earcher@example.net
1006,Jacqueline Lopez,zcosta@example.net
1000,Jessica Cain,colleenserrano@example.org
1000,Samantha Rivera,linda19@example.net
1010,Desiree Long,steve06@example.org
1001,Lacey Martinez,emullins@example.org
1006,Leah Torres,jacobaguirre@example.com
1003,Miss Madison Cruz,matthewglenn@example.org
1006,Larry Myers,zstout@example.net
1005,Eric Hamilton,april45@example.org
1002,Chad Ortiz,jose47@example.net
1001,Howard Mckee,njames@example.net
1007,Frederick Lewis,randallschneider@example.com
1003,Karen Bennett,vbryant@example.com
1002,Mark Cabrera,davidwilcox@example.org
1001,Edward Anderson,mmorrow@example.net
1007,Kristin Perkins,mariapham@example.com
1010,Michael Burton,csnyder@example.com
1003,Tyler Woodward,gaynicole@example.net
1003,Robert Mendez,marypierce@example.net
1007,Erin Beck,zwagner@example.com
1009,Jessica Lee,tjackson@example.org
1010,Michael Price,larryking@example.com
1008,Matthew Collins,laura63@example.com
1010,Craig Wolfe,victoriasmith@example.com
1006,Samantha Haney,dominique58@example.com
1003,Nicholas Hicks,christopherwhite@example.net
1009,Steven Huffman,anthonysmith@example.net
1007,Kathryn Neal,smccall@example.org
1004,Nicholas Glenn,sean17@example.net
1007,Jeffrey Paul,pibarra@example.org
1000,Steven Tucker,pwilliamson@example.org
1003,Benjamin Montgomery,lwang@example.com
1010,Timothy Johnson,flemingsteven@example.com
1010,Angela Kelley,kelly06@example.org
1010,Tyrone Boone DDS,anthony51@example.net
1000,Victoria Kennedy,nancywatson@example.org
1003,Ryan Salazar,gillscott@example.com
1005,Stephanie May,vincentholland@example.net
1003,Chad Anderson,jessicawilliams@example.net
1005,Jeffrey Chavez,osawyer@example.net
1002,Thomas Harris,mariamoore@example.org
1002,Kristen Boyle,greenjeremiah@example.com
1000,David Rodriguez,julia94@example.org
1002,Julie White,bradley67@example.org
1005,Brianna Ortiz,russell90@example.net
1004,David Best,leah06@example.com
1003,Alexandra Doyle,ibrown@example.net
1008,Sherry Smith,morgankatherine@example.com
1007,Mark Bates,watkinstamara@example.org
1007,Shane Bird,shelley63@example.net
1009,Nicole Phillips,jonathanmiller@example.com
1001,Mary Jones,daniellewaller@example.com
1009,John Thompson DDS,douglas53@example.net
1003,Jessica Walton,kfisher@example.org
1006,Crystal Williams,orobinson@example.org
1009,Katherine Smith,lsingleton@example.com
1010,Casey Robinson,sarah29@example.org
1005,Ashley Baker PhD,kingamy@example.org
1001,Nicholas Richard,andrewwashington@example.com
1005,Richard Knight,ajones@example.org
1007,Matthew Scott,tcisneros@example.com
1000,Timothy Henry,johnschaefer@example.net
1002,Bobby Pineda,heather76@example.com
1008,Ronald Drake,thompsongabriella@example.org
1005,Amy Edwards,tinadennis@example.com
1010,Yolanda Miles,karen94@example.org
1001,Brian George,jacksoncarolyn@example.net
1000,Kimberly Lucas,tanyaweiss@example.net
1004,Adam Mendoza,paulmeza@example.com
1002,John Morgan,lauren01@example.com
1007,Charlene Harris,christopher60@example.com
1003,David Garrett,sarahrush@example.org
1006,Russell Webb,nelsonmichael@example.com
1009,Miss Julie Walker,rachel14@example.org
1001,Catherine Brown,abbotthannah@example.com
1004,Walter Torres,brian97@example.org
1006,Michaela Harris,tanya68@example.org
1009,Ashley Bailey,johnsoncaitlin@example.com
1000,Robert Garcia,ghanson@example.net
1008,Kimberly Clark,simmonsian@example.net
1003,Donna Winters,tiffany73@example.org
1008,Becky Briggs,cphillips@example.com
1001,Emily Hudson,ann93@example.net
1007,Michele Mclaughlin,johnnyjimenez@example.com
1002,Paul Hamilton,jmcdowell@example.net
1002,Lacey Williams,melissa12@example.com
1001,Christopher Diaz,lori04@example.org
1009,Howard Gonzales,michaelbarker@example.com
1010,Tracy Donovan,sara47@example.com
1001,Erik Roberts,sweeneyjennifer@example.net
1006,John Holt,kelsey49@example.org
1007,David Wise,parsonsbrandon@example.net
1005,Samuel Matthews,aaron04@example.com
1006,Caitlin Hayes,kevin22@example.net
1000,Mike Peterson,hoffmanmarcus@example.org
1006,Sarah Barber,robertgarza@example.com
1000,Brianna Robinson,timothymartin@example.net
1004,Joshua Mitchell,ellisnatasha@example.org
1009,Jackie Suarez,johnsutton@example.com
1010,Emma Rodriguez,nicholasanderson@example.com
1002,Anthony Smith,smithmark@example.org
1005,Mariah Clay,woodjennifer@example.net
1002,Julie Elliott,krausekim@example.com
1003,Daniel Rose,fwilliams@example.org
1007,Jessica Bailey,munozmarvin@example.com
1009,Danielle Meyer,gailharris@example.org
1007,Nicole Hernandez,james19@example.net
1006,Shawna Garrison,gonzalezjustin@example.org
1000,Brandon Barnes,jfloyd@example.net
1009,Robin Green,christine98@example.org
1008,Zachary Lewis,cstrong@example.net
1008,Kelli Williams,thompsonrichard@example.net
1000,Wesley Howard,jeremy68@example.com
1010,Spencer Evans,christopher46@example.com
1009,Kristen Bradley,william74@example.com
1007,Kristen Gross,matthewperkins@example.net
1003,Nancy Gomez,anthony11@example.com
1006,Robin Lucas,patriciascott@example.org
1009,Dr. Chase Hernandez,ystevenson@example.com
1008,Sarah Martin,richard37@example.com
1008,Michelle Rice,gutierrezamy@example.com
1006,Joseph Tucker,ashley49@example.net
1007,Caleb Russell,brian35@example.net
1005,Terry Reilly,anthonyshort@example.com
1007,Angela Colon,edward47@example.org
1010,David Tucker,llopez@example.com
1005,Joshua Brown,ylong@example.org
1007,Linda Austin,smithjohn@example.org
1001,Angela Fisher,jasonsmith@example.com
1000,Anthony Walker,leemanuel@example.org
1009,Donna Davis,jamie72@example.net
1004,Anthony Bradford,barry96@example.org
1006,Sharon Roy,daniel99@example.com
1005,Ashley Wagner,okirby@example.net
1010,Michael Walker,kimberly55@example.com
1004,Margaret Moore,pageronald@example.org
1009,Tammy Wheeler,stevensonkimberly@example.com
1000,Andrew Meyers,bennettleslie@example.org
1007,Leslie Garcia,rachelhughes@example.org
1004,Shelley Parker,thomastammy@example.net
1004,Sarah Garcia,cortezjohn@example.org
1004,Nathan Hines,paul58@example.org
1005,Michael Wells,nicholashardy@example.org
1003,Guy Mcgee,stephanie80@example.com
1001,Tammy Vasquez,lindamorton@example.org
1003,Joseph Gibson,sarah14@example.org
1007,Derrick Fischer,rachel50@example.net
1009,Erika Whitehead,bhoward@example.net
1002,Scott Owens,phillipsjohn@example.net
1005,John Sims,andrea48@example.org
1009,David Brady,vmullins@example.net
1009,Adam Sullivan,vrodriguez@example.net
1002,Anna Lopez,rachel39@example.com
1009,Sharon Garcia,tcastro@example.com
1006,Andre Martinez,michaelanderson@example.net
1008,Mr. Robert Saunders,curtismichelle@example.net
1003,Scott Alvarez,walkerrichard@example.org
1000,Kari Christensen,rodriguezdonna@example.org
1004,Matthew Collins,derekrobinson@example.com
1003,Kimberly Love,currylawrence@example.com
1005,Donna Smith,pamela92@example.org
1010,Amanda Harris,garrettpeterson@example.com
1008,Juan Cruz,matthewmoore@example.com
1009,Joan Wood,martineztracy@example.org
1007,Carolyn Powell,qturner@example.org
1000,Michael Martin,kathleen65@example.net
1002,Ashley Oliver,owagner@example.com
1010,Jamie Rivera,nelsontammy@example.com
1001,Erica Lopez,danielharrington@example.org
1001,James Nguyen,cassandra02@example.com
1001,Willie Ritter,yparsons@example.org
1004,Jennifer Smith,markpeters@example.net
1005,Andrew Martin,smithchristine@example.net
1001,Tina Kim,qwells@example.com
1002,Paula Williams,vmorales@example.org
1010,Nancy Hendrix,xavierchan@example.org
1002,Janet Hall,joshua82@example.org
1004,Nicholas Smith,collin79@example.net
1009,Jennifer Lamb,cervantesashley@example.com
1008,Eddie Green Jr.,kmiller@example.net
1003,Jason Dominguez,ugamble@example.org
1005,Barbara Carroll,klinemichael@example.net
1002,Stephanie Washington,merrittsusan@example.com
1002,Jessica Williams,ttaylor@example.com
1002,Sharon Evans,yschwartz@example.org
1009,Erik Mills,christinalee@example.org
1009,Todd Montes,dawsonmark@example.com
1006,Amy King,xmueller@example.com
1005,Henry White,johnsondavid@example.com
1003,James Lucas,ocannon@example.com
1002,Dr. Ashley Gonzales,john24@example.net
1008,April Stephenson,fmatthews@example.net
1007,Vicki Rodriguez,leekiara@example.net
1004,Tina Mooney,maxwellharrington@example.net
1000,Penny Elliott,penningtonkelly@example.net
1004,William Todd,tonyamitchell@example.org
1001,Heather Rodriguez,jennifertorres@example.org
1006,Jennifer Wong,rryan@example.org
1005,Erica Fields,nfields@example.org
1007,Xavier Diaz,bailey54@example.net
1009,Kristy Morrow,longernest@example.com
1001,Juan Mullen,abigailbarry@example.org
1002,Mike Smith,ethanchambers@example.org
1006,Jose Raymond,katherinestevens@example.com
1003,Robin Wright,wdougherty@example.net
1000,Kaitlin Bennett,laura18@example.net
1000,Jacob Santiago,thomasjessica@example.com
1008,Thomas Gilbert,ocarr@example.com
1010,Melissa Fisher,emma69@example.com
1001,Kayla Keller,james54@example.net
1005,Ashlee Yang,rknight@example.net
1005,Kathryn Fuller,browncindy@example.net
1003,Kendra Alvarado,angelaphillips@example.com
1001,Mary Howard,andersonsonya@example.org
1004,Brian Mccall,tinafrancis@example.org
1010,Andrew Perry,martinezgail@example.com
1006,Kristine Ortiz,anna89@example.net
1002,Allison Dennis,iturner@example.net
1010,Julie Hoffman,michaelwood@example.com
1005,Christopher Sellers,aacosta@example.net
1001,Vanessa Williams,andrewwilson@example.net
1010,Jasmine Miller,antoniojones@example.net
1008,Karen Beard,melissaduffy@example.net
1010,Emily Ramirez,bryan17@example.org
1003,Michael Dixon,kmendez@example.com
1001,Chad Patterson,chelseamann@example.net
1006,Stephanie Browning,donaldcastaneda@example.net
1002,Adam Lee,miranda38@example.net
1008,Kelsey Shepard,carterwilliam@example.com
1004,Amanda Goodwin,griffinwayne@example.org
1003,Martin Walker,mchase@example.org
1007,Kimberly Walker,tcolon@example.net
1010,Christopher Gardner,carol74@example.com
1004,Julia Rodriguez,carolinepetty@example.net
1007,Abigail Robinson,colemanrick@example.com
1002,Jocelyn Fisher,ljames@example.org
1008,Tyrone Oliver,cathy20@example.org
1000,Lisa Castro,crobinson@example.com
1004,Joseph Brown,iatkins@example.com
1009,Frank Winters,shelly50@example.com
1005,Regina Townsend,mark83@example.net
1005,Juan West,perryrobert@example.org
1010,Ms. Rachel Murillo,gponce@example.org
1002,Gabriel Zhang,johnwoods@example.net
1000,Timothy Cain,andrewsrobert@example.org
1005,Carl Spence,jeff10@example.com
1005,Eric Austin,rogerstheresa@example.org
1004,Brandon Adams,lopezleah@example.net
1008,Nina Raymond,uclark@example.net
1003,Laura Gonzalez,sarahgarcia@example.net
1004,Tina Maldonado DDS,smithaaron@example.org
1009,Dylan Herrera,edwardmartinez@example.com
1009,Crystal Jennings,robert29@example.net
1008,Charles Meyer,donnadiaz@example.net
1006,Samuel Ward,timothy31@example.com
1003,Catherine Jenkins,carterjessica@example.com
1007,Anthony Williams,higginsmakayla@example.net
1003,Michael Mejia,jacobkirk@example.com
1003,Shawn Nelson,gcross@example.org
1003,Grace Wilson,joanne35@example.net
1002,Brandon Rodriguez,prodriguez@example.com
1009,Dr. Willie Cooper,vgonzalez@example.org
1006,Matthew Mayer,dwilkinson@example.com
1009,Christina Collins,lisa69@example.com
1003,Antonio Moore,thompsonomar@example.org
1000,Kathy Clark,harrymartin@example.org
1006,Anthony Singleton,alexander02@example.net
1008,Karen Romero,jenniferperkins@example.org
1001,James Adams,robert51@example.com
1009,Michael Gonzalez,juan23@example.com
1002,Michael Roberts,whitelinda@example.net
